{
    "Arch_1_Baseline": {
        "step": [
            0,
            500,
            1000,
            1500,
            2000,
            2500,
            3000,
            3500,
            4000,
            4500,
            4999
        ],
        "train_loss": [
            8.437596082687378,
            2.4179216027259827,
            1.7374417632818222,
            1.520469754934311,
            1.4292519092559814,
            1.282695010304451,
            1.2636004537343979,
            1.2007348388433456,
            1.1791644394397736,
            1.137713000178337,
            1.0975251644849777
        ],
        "val_loss": [
            5.416529655456543,
            2.4687488079071045,
            1.9320471286773682,
            1.7102562189102173,
            1.5066988468170166,
            1.3753116130828857,
            1.2033805847167969,
            1.0909701585769653,
            1.1011528968811035,
            1.015533685684204,
            0.9700186252593994
        ],
        "train_acc": [
            0.0001220703125,
            0.554931640625,
            0.63714599609375,
            0.6630859375,
            0.67535400390625,
            0.69378662109375,
            0.70135498046875,
            0.710693359375,
            0.7158203125,
            0.72491455078125,
            0.73028564453125
        ],
        "val_acc": [
            0.43956297636032104,
            0.5587483644485474,
            0.6091593503952026,
            0.655261218547821,
            0.6831014156341553,
            0.7052571773529053,
            0.7182413935661316,
            0.7330484986305237,
            0.7251342535018921,
            0.7363199591636658,
            0.7485595941543579
        ]
    },
    "Arch_2_Deep_Narrow": {
        "step": [
            0,
            500,
            1000,
            1500,
            2000,
            2500,
            3000,
            3500,
            4000,
            4500,
            4999
        ],
        "train_loss": [
            8.524194359779358,
            2.6565001904964447,
            1.9786664247512817,
            1.794682428240776,
            1.6738047003746033,
            1.5498119592666626,
            1.4696386456489563,
            1.4547262340784073,
            1.396130383014679,
            1.3642955422401428,
            1.379684641957283
        ],
        "val_loss": [
            7.090858459472656,
            2.685727596282959,
            2.118128538131714,
            1.9106444120407104,
            1.7573494911193848,
            1.6745527982711792,
            1.618643045425415,
            1.535774827003479,
            1.5073593854904175,
            1.4841423034667969,
            1.411489725112915
        ],
        "train_acc": [
            0.0001220703125,
            0.52001953125,
            0.59832763671875,
            0.62640380859375,
            0.64471435546875,
            0.65533447265625,
            0.672607421875,
            0.6732177734375,
            0.679443359375,
            0.688232421875,
            0.68310546875
        ],
        "val_acc": [
            0.4388631284236908,
            0.536547839641571,
            0.5850911736488342,
            0.599377453327179,
            0.6232381463050842,
            0.6369262933731079,
            0.656909167766571,
            0.6634236574172974,
            0.6770182251930237,
            0.678540050983429,
            0.6853434443473816
        ]
    },
    "Arch_3_Shallow_Wide": {
        "step": [
            0,
            500,
            1000,
            1500,
            2000,
            2500,
            3000,
            3500,
            4000,
            4500,
            4999
        ],
        "train_loss": [
            8.387737512588501,
            2.1849973797798157,
            1.7743359208106995,
            1.5943679064512253,
            1.3979992121458054,
            1.4081692099571228,
            1.3302441388368607,
            1.2571847438812256,
            1.2461920380592346,
            1.1956906616687775,
            1.1559770554304123
        ],
        "val_loss": [
            5.415485858917236,
            2.294433832168579,
            1.887617826461792,
            1.6700884103775024,
            1.5104563236236572,
            1.4571655988693237,
            1.3668766021728516,
            1.232458233833313,
            1.1514332294464111,
            1.1179264783859253,
            1.0958064794540405
        ],
        "train_acc": [
            0.0001220703125,
            0.5703125,
            0.625244140625,
            0.64849853515625,
            0.67877197265625,
            0.68072509765625,
            0.69403076171875,
            0.7012939453125,
            0.70684814453125,
            0.71240234375,
            0.7225341796875
        ],
        "val_acc": [
            0.4395589232444763,
            0.5658162236213684,
            0.6182169318199158,
            0.6451131105422974,
            0.6863240599632263,
            0.6979125738143921,
            0.7032104730606079,
            0.7171427607536316,
            0.7290893793106079,
            0.7378011345863342,
            0.74224853515625
        ]
    },
    "Arch_4_High_Dropout": {
        "step": [
            0,
            500,
            1000,
            1500,
            2000,
            2500,
            3000,
            3500,
            4000,
            4500,
            4999
        ],
        "train_loss": [
            8.602692365646362,
            2.7868324518203735,
            1.9841710776090622,
            1.7218046635389328,
            1.5180290788412094,
            1.480906218290329,
            1.4140085130929947,
            1.3079081326723099,
            1.2149622738361359,
            1.2681640088558197,
            1.2174161225557327
        ],
        "val_loss": [
            5.575408458709717,
            2.963244915008545,
            2.087230920791626,
            1.9103524684906006,
            1.7220431566238403,
            1.5868738889694214,
            1.4951022863388062,
            1.399817705154419,
            1.2897722721099854,
            1.2131125926971436,
            1.0781512260437012
        ],
        "train_acc": [
            0.00018310546875,
            0.50341796875,
            0.6021728515625,
            0.6312255859375,
            0.65948486328125,
            0.6673583984375,
            0.6746826171875,
            0.68927001953125,
            0.70709228515625,
            0.69512939453125,
            0.70758056640625
        ],
        "val_acc": [
            0.43956297636032104,
            0.49907633662223816,
            0.5928059816360474,
            0.6141520142555237,
            0.6371867060661316,
            0.6611613035202026,
            0.6785481572151184,
            0.6897827386856079,
            0.6994588375091553,
            0.7089681029319763,
            0.7342895269393921
        ]
    }
}