{
    "Rel_Arch_1_Baseline": {
        "step": [
            0,
            500,
            1000,
            1500,
            2000,
            2500,
            3000,
            3500,
            4000,
            4500,
            4999
        ],
        "train_loss": [
            8.48912262916565,
            2.7240006923675537,
            1.8901292085647583,
            1.634757399559021,
            1.505853310227394,
            1.4073922038078308,
            1.3121781796216965,
            1.3518347591161728,
            1.2736147195100784,
            1.1738767623901367,
            1.2093205600976944
        ],
        "val_loss": [
            5.362425327301025,
            2.8524885177612305,
            1.954169750213623,
            1.7428175210952759,
            1.654731273651123,
            1.4690213203430176,
            1.4395928382873535,
            1.2457523345947266,
            1.188246488571167,
            1.15182626247406,
            1.1080870628356934
        ],
        "train_acc": [
            0.00018310546875,
            0.51055908203125,
            0.6123046875,
            0.64410400390625,
            0.66485595703125,
            0.679931640625,
            0.6917724609375,
            0.68780517578125,
            0.69952392578125,
            0.71356201171875,
            0.71331787109375
        ],
        "val_acc": [
            0.43956297636032104,
            0.5206095576286316,
            0.60357666015625,
            0.638500988483429,
            0.6456746459007263,
            0.6762735843658447,
            0.7024983763694763,
            0.71624755859375,
            0.7139933109283447,
            0.7142781615257263,
            0.736584484577179
        ]
    },
    "Rel_Arch_1_Baseline_k1023": {
        "step": [
            0,
            500,
            1000,
            1500,
            2000,
            2500,
            3000,
            3500,
            4000,
            4500,
            4999
        ],
        "train_loss": [
            8.419724345207214,
            2.5854286551475525,
            1.789204016327858,
            1.617665708065033,
            1.4373335242271423,
            1.3703421205282211,
            1.2919506579637527,
            1.2715816795825958,
            1.2032973766326904,
            1.1798378229141235,
            1.2388552576303482
        ],
        "val_loss": [
            5.582633018493652,
            2.6825027465820312,
            1.9894750118255615,
            1.7147654294967651,
            1.5483782291412354,
            1.5154106616973877,
            1.350131869316101,
            1.2385615110397339,
            1.1282683610916138,
            1.052529215812683,
            1.0067517757415771
        ],
        "train_acc": [
            0.0001220703125,
            0.5330810546875,
            0.6278076171875,
            0.6502685546875,
            0.675537109375,
            0.6824951171875,
            0.696044921875,
            0.70025634765625,
            0.7115478515625,
            0.71441650390625,
            0.7049560546875
        ],
        "val_acc": [
            0.43956297636032104,
            0.5459920167922974,
            0.6077473759651184,
            0.6371663212776184,
            0.6702595949172974,
            0.6678507328033447,
            0.6918253302574158,
            0.6983439326286316,
            0.7173095941543579,
            0.7363728880882263,
            0.7376301884651184
        ]
    },
    "Rel_Arch_1_Baseline_k511": {
        "step": [
            0,
            500,
            1000,
            1500,
            2000,
            2500,
            3000,
            3500,
            4000,
            4500,
            4999
        ],
        "train_loss": [
            8.268215656280518,
            2.5774222016334534,
            1.8932784646749496,
            1.6092456877231598,
            1.4238041639328003,
            1.3874083459377289,
            1.3211360722780228,
            1.3141785711050034,
            1.2018602341413498,
            1.20112244784832,
            1.0941284447908401
        ],
        "val_loss": [
            5.553570747375488,
            2.7529494762420654,
            1.996091365814209,
            1.651116132736206,
            1.551980972290039,
            1.471558690071106,
            1.4293651580810547,
            1.2558038234710693,
            1.1390284299850464,
            1.1091376543045044,
            1.0987876653671265
        ],
        "train_acc": [
            6.103515625e-05,
            0.535888671875,
            0.61053466796875,
            0.65423583984375,
            0.675048828125,
            0.6773681640625,
            0.68994140625,
            0.69305419921875,
            0.7110595703125,
            0.7144775390625,
            0.72735595703125
        ],
        "val_acc": [
            0.43956297636032104,
            0.518542468547821,
            0.611437976360321,
            0.6616780757904053,
            0.6680338382720947,
            0.680041491985321,
            0.6812418699264526,
            0.7060994505882263,
            0.7173258662223816,
            0.7197550535202026,
            0.7151855230331421
        ]
    },
    "Rel_Arch_1_Baseline_ek0.01": {
        "step": [
            0,
            500,
            1000,
            1500,
            2000,
            2500,
            3000,
            3500,
            4000,
            4500,
            4999
        ],
        "train_loss": [
            8.4867924451828,
            2.537236750125885,
            1.8028412759304047,
            1.6231297105550766,
            1.4884893000125885,
            1.3687481880187988,
            1.2530364692211151,
            1.242678016424179,
            1.178403154015541,
            1.1510737985372543,
            1.188264787197113
        ],
        "val_loss": [
            5.643935680389404,
            2.674704074859619,
            1.907007098197937,
            1.754186987876892,
            1.5662786960601807,
            1.453112006187439,
            1.3875333070755005,
            1.3044705390930176,
            1.2750171422958374,
            1.1904345750808716,
            1.1037087440490723
        ],
        "train_acc": [
            6.103515625e-05,
            0.531494140625,
            0.62322998046875,
            0.6470947265625,
            0.658447265625,
            0.68328857421875,
            0.70330810546875,
            0.70391845703125,
            0.71270751953125,
            0.71875,
            0.71697998046875
        ],
        "val_acc": [
            0.43956297636032104,
            0.5234212279319763,
            0.6047729253768921,
            0.6435465216636658,
            0.6457601189613342,
            0.6852742433547974,
            0.6854655146598816,
            0.6944335699081421,
            0.7033447027206421,
            0.7111572027206421,
            0.7215047478675842
        ]
    },
    "Rel_Arch_1_Baseline_k511_ek0.01": {
        "step": [
            0,
            500,
            1000,
            1500,
            2000,
            2500,
            3000,
            3500,
            4000,
            4500,
            4999
        ],
        "train_loss": [
            8.440409421920776,
            2.480728358030319,
            1.7969024628400803,
            1.543756440281868,
            1.3969215005636215,
            1.3312013447284698,
            1.3000921607017517,
            1.2215201705694199,
            1.2090405076742172,
            1.0806749239563942,
            1.0890674740076065
        ],