{
    "Rel_Arch_1_Baseline": {
        "step": [
            0,
            500,
            1000,
            1500,
            2000,
            2500,
            3000,
            3500,
            4000,
            4500,
            4999
        ],
        "train_loss": [
            8.531290173530579,
            2.6428944766521454,
            1.8896765410900116,
            1.649991750717163,
            1.4800301939249039,
            1.42273810505867,
            1.4170741885900497,
            1.3086263984441757,
            1.2208956629037857,
            1.225328341126442,
            1.1740956157445908
        ],
        "val_loss": [
            5.294362545013428,
            2.785576343536377,
            2.1835408210754395,
            1.8978121280670166,
            1.6863957643508911,
            1.5245630741119385,
            1.4392509460449219,
            1.3460944890975952,
            1.3114235401153564,
            1.3021126985549927,
            1.1812759637832642
        ],
        "train_acc": [
            0.0001220703125,
            0.52239990234375,
            0.60888671875,
            0.645751953125,
            0.6658935546875,
            0.6763916015625,
            0.678955078125,
            0.692626953125,
            0.705078125,
            0.7080078125,
            0.71875
        ],
        "val_acc": [
            0.43956297636032104,
            0.528564453125,
            0.5819539427757263,
            0.6191487908363342,
            0.6406412720680237,
            0.685290515422821,
            0.6950235962867737,
            0.7039347290992737,
            0.712231457233429,
            0.6920166015625,
            0.7191609740257263
        ]
    },
    "Rel_Arch_2_Deep_Narrow": {
        "step": [
            0,
            500,
            1000,
            1500,
            2000,
            2500,
            3000,
            3500,
            4000,
            4500,
            4999
        ],
        "train_loss": [
            8.315871834754944,
            2.8063603937625885,
            2.100005552172661,
            1.821304813027382,
            1.671858087182045,
            1.6708933860063553,
            1.501197412610054,
            1.4528619647026062,
            1.386492744088173,
            1.4384473711252213,
            1.2951612323522568
        ],
        "val_loss": [
            6.7452569007873535,
            2.9105238914489746,
            2.2383532524108887,
            1.917312741279602,
            1.8165959119796753,
            1.7138035297393799,
            1.6143231391906738,
            1.568926215171814,
            1.5171533823013306,
            1.4328585863113403,
            1.3242645263671875
        ],
        "train_acc": [
            6.103515625e-05,
            0.49951171875,
            0.5865478515625,
            0.6158447265625,
            0.640869140625,
            0.638427734375,
            0.666748046875,
            0.67388916015625,
            0.68145751953125,
            0.674560546875,
            0.696044921875
        ],
        "val_acc": [
            0.439453125,
            0.4903727173805237,
            0.5677571892738342,
            0.6095743775367737,
            0.6152628660202026,
            0.6343058347702026,
            0.6513305902481079,
            0.656750500202179,
            0.6735799312591553,
            0.6765787601470947,
            0.679064929485321
        ]
    },
    "Rel_Arch_3_Shallow_Wide": {
        "step": [
            0,
            500,
            1000,
            1500,
            2000,
            2500,
            3000,
            3500,
            4000,
            4500,
            4999
        ],
        "train_loss": [
            8.63007915019989,
            2.647561699151993,
            2.030099108815193,
            1.7711162567138672,
            1.6770805567502975,
            1.6705920100212097,
            1.6134683042764664,
            1.5551337450742722,
            1.472576379776001,
            1.4010688215494156,
            1.429855078458786
        ],
        "val_loss": [
            5.461663722991943,
            2.6953094005584717,
            2.227250337600708,
            2.0348422527313232,
            1.809781789779663,
            1.768553614616394,
            1.709412693977356,
            1.621711015701294,
            1.586129903793335,
            1.5429717302322388,
            1.4941521883010864
        ],
        "train_acc": [
            0.00018310546875,
            0.51995849609375,
            0.58673095703125,
            0.628662109375,
            0.64276123046875,
            0.638916015625,
            0.64349365234375,
            0.653076171875,
            0.6685791015625,
            0.67529296875,
            0.67254638671875
        ],
        "val_acc": [
            0.4394897520542145,
            0.5315999388694763,
            0.575451672077179,
            0.5891438722610474,
            0.6206624507904053,
            0.6291137933731079,
            0.6320841312408447,
            0.6444905400276184,
            0.65283203125,
            0.6595662236213684,
            0.6743123531341553
        ]
    },
    "Rel_Arch_4_High_Dropout": {
        "step": [
            0,
            500,
            1000,
            1500,
            2000,
            2500,
            3000,
            3500,
            4000,
            4500,
            4999
        ],
        "train_loss": [
            8.522311806678772,
            2.9874882996082306,
            2.0060310810804367,
            1.771880879998207,
            1.6744333505630493,
            1.4810684025287628,
            1.4606989175081253,
            1.4011420458555222,
            1.358880564570427,
            1.386433020234108,
            1.3300050497055054
        ],
        "val_loss": [
            5.935486793518066,
            3.0749447345733643,
            2.245260715484619,
            2.0336594581604004,
            1.7965410947799683,
            1.679059624671936,
            1.593375325202942,
            1.4628595113754272,
            1.4687005281448364,
            1.3769066333770752,
            1.2240867614746094
        ],
        "train_acc": [
            0.00018310546875,
            0.482177734375,
            0.5975341796875,
            0.6292724609375,
            0.6412353515625,
            0.6651611328125,
            0.6705322265625,
            0.67559814453125,
            0.68377685546875,
            0.68084716796875,
            0.689453125
        ],
        "val_acc": [
            0.43956297636032104,
            0.48102620244026184,
            0.5737996697425842,
            0.6050170660018921,
            0.6316935420036316,
            0.6426839232444763,
            0.6708821654319763,
            0.6921671628952026,
            0.6798340082168579,
            0.6801472902297974,
            0.7104777097702026
        ]
    }
}